<?xml version="1.0" encoding="UTF-8"?>
<beans xmlns="http://www.springframework.org/schema/beans"
       xmlns:xsi="http://www.w3.org/2001/XMLSchema-instance"
       xmlns:aop="http://www.springframework.org/schema/aop"
       xmlns:tx="http://www.springframework.org/schema/tx"
       xsi:schemaLocation="
   http://www.springframework.org/schema/beans http://www.springframework.org/schema/beans/spring-beans-2.0.xsd
   http://www.springframework.org/schema/tx http://www.springframework.org/schema/tx/spring-tx-2.0.xsd
   http://www.springframework.org/schema/aop http://www.springframework.org/schema/aop/spring-aop-2.0.xsd">

   <!-- Defines the mail service used to send email via Spring -->
   <bean id="psoSpringMailService" class="com.percussion.pso.workflow.mail.spring.PSOSpringMailServiceImpl">
     <property name="mailSender" ref="psoSpringMailSender" />
   </bean>
   
   
   <bean id="psoSpringMailSender" class="org.springframework.mail.javamail.JavaMailSenderImpl">
      <property name="host" value="127.0.0.1" />
      <property name="username" value="joeuser" />
      <property name="password" value="swordfish" /> 
   </bean>
</beans>
